DIST|PROJ|CIRCLE|ANG_CODE|ANGANWADI|START_DATE|END_DATE| Number of students enrolled(boys)                                                                                |  Number of students enrolled(girl)                                                                                |  Number of students present(boy)                                                                                  |  Number of students present(girl)                                                                                 |  Where is the center functioning                                                                                  |  The anganwadi center is in a spacious room (35 sq according to ecce rule), meaning there is an indoor enclosure  |  There is an outdoor space for 30 children, with space of 30sq                                                    |  There is a toilet for children to use                                                                            |  There is pure drinking water facility                                                                            |  There is safety around the center                                                                                |  There is cleanliness around the center                                                                           |  The building is safe                                                                                             |  There is basic facility for children with special needs                                                          |  There is seating facility available for children                                                                 |  There is clean rooms to sit for children                                                                         |  There is dust and spider web inside the center room                                                              |  There is dust bin in the center                                                                                  |  There is seperate space for storing food items in the center                                                     |  Store room is clean                                                                                              |  Food to be distributed on that day was covered properly                                                          |  Cook/ chef are clean                                                                                             |  There is seperate place for children to wash hands after lunch                                                   |  First aid box contains all the necessary items                                                                   |  There is sufficient learning material and playing items for children                                             |  There is sufficient learning material for indoor activities                                                      |  Indoor learning materials are bieng used by children                                                             |  There is black board in the center and children are able to write on it                                          |  There is writings on the wall related to learning                                                                |   The medical report of every children is maintained                                                              |  BVS is present                                                                                                   |  Anganwadi friendship group is formed                                                                             |  Activities are conducted by anganwadi friendship group members                                                   |  Anganwadi worker is trained                                                                                      |  Learning materials present                                                                                       |  Number of students with special needs(boy)                                                                       |  Number of students with special needs(girl)                                                                      
 bangalore | anekal taluk                  | ballur                            |30936| MAYASANDRA  C                         | 2014-08-18 | 2015-12-30 |5|8|5|7|2|1|1|0|2|1|0|1|0|1|1|0|1|0|0|1|1|1|1|2|1|1|1|0|1|2|1|1|1|2|0|0
 bangalore | anekal taluk                  | ballur                            |33929| HALDENAHALLI                          | 2014-08-18 | 2015-12-30 |29|20|5|4|2|1|0|1|2|1|1|1|0|0|1|0|1|1|1|1|1|0|2|2|1|1|2|1|1|2|0|0|1|2|0|0
 bangalore | anekal taluk                  | ballur                            |33609| DINNURU                               | 2014-08-18 | 2015-12-30 |10|12|8|10|2|1|0|2|2|0|1|1|0|1|1|0|1|1|1|1|1|1|1|2|1|1|1|1|1|2|1|1|1|2|0|0
 bangalore | anekal taluk                  | ballur                            |30932| BALLURU B                             | 2014-08-18 | 2015-12-30 |8|3|6|6|2|1|1|2|2|1|1|1|0|1|1|0|1|0|1|1|1|1|2|2|1|1|0|1|1|2|0|0|1|2|0|0
 bangalore | anekal taluk                  | ballur                            |30935| BALLURU A                             | 2014-08-18 | 2015-12-30 |7|17|7|17|2|1|1|2|2|1|1|0|0|1|1|0|1|0|1|1|1|0|2|2|1|1|1|1|1|1|0|0|1|2|0|0
 bangalore | anekal taluk                  | haragadde                         |33575| SEETHANAYAKANAHALLI                   | 2014-08-18 | 2015-12-30 |9|8|8|5|2|1|1|1|2|1|1|1|0|1|1|0|1|1|1|1|1|1|2|2|1|1|2|1|1|1|1|0|1|2|0|0
 bangalore | anekal taluk                  | haragadde                         |29581| SURAGAJAKKANAHALLI                    | 2014-08-18 | 2015-12-30 |20|17|8|7|2|1|1|1|2|1|1|1|0|1|1|0|1|1|1|1|1|1|2|2|1|1|2|1|1|1|1|0|1|2|1|0
 bangalore | anekal taluk                  | haragadde                         |31466| NOSENURU                              | 2014-08-18 | 2015-12-30 |7|9|5|7|2|0|0|2|2|1|1|1|0|2|1|0|1|1|1|1|1|1|2|2|1|1|2|0|1|2|1|0|1|2|0|0
 bangalore | anekal taluk                  | haragadde                         |31376| MADAPATTANA A                         | 2014-08-18 | 2015-12-30 |12|18|12|18|2|1|1|0|2|1|1|1|0|0|1|0|1|0|1|1|1|1|2|2|1|1|2|1|1|2|1|0|1|2|0|0
 bangalore | anekal taluk                  | haragadde                         |31382| HARAGADDE A                           | 2014-08-18 | 2015-12-30 |16|10|8|11|2|1|1|2|2|1|1|1|0|1|1|0|1|1|1|1|1|1|2|2|1|1|2|0|1|1|1|0|1|2|0|0
 bangalore | anekal taluk                  | haragadde                         |33664| HARAGADDE  VADDARAPALYA               | 2014-08-18 | 2015-12-30 |11|14|8|10|2|0|0|2|2|1|1|1|0|2|1|0|1|1|1|1|1|1|2|2|1|1|2|0|1|2|1|0|1|2|0|0
 bangalore | anekal taluk                  | haragadde                         |36496| MADA PATTANA  B                       | 2014-08-18 | 2015-12-30 |16|17|9|11|1|0|0|0|2|1|1|1|0|1|1|0|1|0|0|1|1|1|2|2|1|1|0|1|1|1|1|0|1|2|0|0
 bangalore | anekal taluk                  | haragadde                         |36312| MADAPATTANA C                         | 2014-08-18 | 2015-12-30 |4|16|3|13|1|0|0|0|2|1|1|1|0|1|1|0|1|0|0|1|1|1|2|2|1|1|0|1|1|1|1|0|1|2|0|0
 bangalore | anekal taluk                  | haragadde                         |33584| DYAVASANDRA                           | 2014-08-18 | 2015-12-30 |9|10|7|6|1|1|1|0|2|1|1|1|0|2|1|0|1|0|1|1|1|1|2|2|1|1|2|0|1|1|1|0|1|2|0|0
 bangalore | bangalore central             | kithuru rani channamma 3rd circle |31389| FLOWER GARDEN                         | 2014-08-18 | 2015-12-30 |5|7|4|6|0|1|0|0|1|0|0|1|1|0|1|0|0|0|1|0|0|0|1|0|0|0|1|0|1|0|0|0|1|0|0|0
 bangalore | bangalore central             | kithuru rani channamma 3rd circle |31434| ANJANAPPA GARDEN 2                    | 2014-08-18 | 2015-12-30 |5|8|4|6|0|0|0|0|0|1|0|1|0|1|1|0|0|0|0|1|1|0|2|0|0|0|0|0|1|1|0|0|1|1|0|0
 bangalore | bangalore central             | kithuru rani channamma 3rd circle |36363| BAKSHI GARDEN 1                       | 2014-08-18 | 2015-12-30 |5|8|5|7|2|1|1|1|1|1|1|1|1|0|1|0|1|0|1|1|1|0|2|0|0|0|1|0|1|1|0|0|1|0|0|0
 bangalore | bangalore central             | kithuru rani channamma 3rd circle |31394| ANANDA PURAM-5(JOHLY MOHALLA)         | 2014-08-18 | 2015-12-30 |12|4|8|4|1|1|1|2|2|1|1|1|1|1|1|0|1|1|1|1|1|1|2|2|1|1|1|0|1|1|0|0|1|1|0|0
 bangalore | bangalore central             | kithuru rani channamma 3rd circle |30304| TIPPUNAGAR                            | 2014-08-18 | 2015-12-30 |14|17|11|16|0|1|0|1|2|1|1|1|1|1|1|0|0|1|1|1|1|1|2|0|0|0|1|0|1|1|0|0|1|2|0|0
 bangalore | bangalore central             | kithuru rani channamma 3rd circle |36464| HITTIGE ANJANAPPA LAYOUT              | 2014-08-18 | 2015-12-30 |9|7|7|6|2|1|1|1|2|1|0|0|0|2|0|0|0|0|0|1|1|1|2|0|0|0|1|0|1|1|0|0|1|0|0|0
 bangalore | bangalore central             | kuvempunagar 4th circle           |33999| BHOVEEPALYA                           | 2014-08-18 | 2015-12-30 |10|7|5|6|2|1|1|2|2|1|1|1|0|0|1|1|0|0|1|1|1|0|2|0|0|0|2|0|1|1|0|0|1|0|1|0
 bangalore | bangalore central             | kuvempunagar 4th circle           |33993| PRAKASHNAGAR                          | 2014-08-18 | 2015-12-30 |12|7|7|5|2|1|1|2|2|1|1|1|1|2|1|0|0|1|1|1|1|1|2|2|1|1|1|0|0|0|0|0|0|2|0|0
 bangalore | bangalore central             | kuvempunagar 4th circle           |31295| RAMACHANDRAPURA 1                     | 2014-08-18 | 2015-12-30 |6|6|3|3|2|0|0|2|0|1|1|1|0|0|1|0|0|0|1|1|1|1|2|0|0|0|2|0|1|2|0|0|1|0|0|0
 bangalore | bangalore central             | kuvempunagar 4th circle           |36602| RAMACHANDRA PURA  II                  | 2014-08-18 | 2015-12-30 |6|6|2|2|2|0|0|2|0|0|1|1|0|0|1|0|0|1|1|1|1|1|2|0|0|0|0|0|1|2|0|0|1|0|0|0
 bangalore | bangalore central             | kuvempunagar 4th circle           |36457| BAIRAVESHWARA NAGARA                  | 2014-08-18 | 2015-12-30 |16|15|6|4|2|1|0|0|2|1|1|1|1|0|1|0|0|0|1|1|1|0|2|0|0|0|1|0|1|0|0|0|1|0|0|0
 bangalore | bangalore central             | kuvempunagar 4th circle           |31206| SOUHARDA VRUTTA                       | 2014-08-18 | 2015-12-30 |16|10|15|10|2|1|0|1|2|1|1|1|1|2|1|0|0|1|1|1|1|0|0|0|0|0|1|0|1|0|0|0|1|0|0|0
 bangalore | bangalore central             | sir m vishweshwariah 1st circle   |30395| NEW TIMBERYARD  LAYOUT                | 2014-08-18 | 2015-12-30 |16|14|10|9|0|1|0|2|2|1|1|1|1|1|1|0|0|1|1|1|1|1|2|2|1|1|1|0|1|1|0|0|1|2|0|0
 bangalore | bangalore central             | sir m vishweshwariah 1st circle   |30433| PANTHAR PALYA-I                       | 2014-08-18 | 2015-12-30 |12|11|8|4|2|1|0|1|0|1|0|1|1|1|1|0|0|0|1|1|1|0|2|2|1|1|1|0|1|1|0|0|1|2|0|0
 bangalore | bangalore central             | sir m vishweshwariah 1st circle   |30533| MARUTHINAGARA                         | 2014-08-18 | 2015-12-30 |18|16|15|9|2|1|1|2|2|1|1|1|1|1|1|0|0|1|1|1|1|1|2|2|1|1|1|0|1|0|0|0|1|2|0|0
 bangalore | bangalore central             | sir m vishweshwariah 1st circle   |30627| ANANTH NAGAR                          | 2014-08-18 | 2015-12-30 |12|20|8|11|2|1|1|1|2|1|1|1|1|0|1|0|1|0|1|1|1|0|2|2|1|1|1|0|1|0|0|0|1|2|0|0
 bangalore | bangalore central             | sir m vishweshwariah 1st circle   |31092| PANTARA PALYA 2                       | 2014-08-18 | 2015-12-30 |10|11|2|1|0|1|0|0|2|0|0|1|1|1|1|0|0|0|1|1|1|1|2|2|1|1|2|0|1|1|0|0|1|2|0|0
 bangalore | bangalore north (yelahanka)   | agrahara layout                   |33828| SRINIVASPURA                          | 2014-08-18 | 2015-12-30 |14|10|10|10|2|1|0|2|0|1|0|1|2|2|1|0|1|0|1|1|1|1|2|2|1|1|0|0|1|2|1|1|1|2|0|0
 bangalore | bangalore north (yelahanka)   | agrahara layout                   |31494| SAMPIGEHALLI                          | 2014-08-18 | 2015-12-30 |9|6|9|6|2|1|1|1|2|1|1|1|2|2|1|1|1|1|1|1|1|1|2|2|1|1|1|1|1|0|1|1|1|2|0|0
 bangalore | bangalore north (yelahanka)   | agrahara layout                   |30853| KOGILU LAYOUT  1                      | 2014-08-18 | 2015-12-30 |15|9|15|9|2|0|0|2|2|1|1|1|2|2|1|0|0|0|1|1|1|1|2|1|1|0|1|0|1|2|1|1|1|2|0|0
 bangalore | bangalore north (yelahanka)   | agrahara layout                   |33925| AGRAHAR BEDAVANI 2                    | 2014-08-18 | 2015-12-30 |8|12|8|12|2|1|0|0|0|1|1|1|2|2|1|1|1|1|1|1|1|1|2|2|1|1|0|0|1|1|1|1|1|1|0|0
 bangalore | bangalore north (yelahanka)   | agrahara layout                   |31311| AGRAHARA LAYOUT 1                     | 2014-08-18 | 2015-12-30 |9|13|9|12|2|1|1|0|0|1|0|1|2|1|1|0|1|1|1|1|1|1|2|2|1|1|2|1|1|2|0|0|1|2|0|0
 bangalore | bangalore north (yelahanka)   | hegganahalli                      |33852| MUDULA PALYA 3                        | 2014-08-18 | 2015-12-30 |7|14|5|9|0|0|1|2|0|1|1|1|1|2|1|0|0|0|1|1|1|1|2|0|0|0|0|0|1|1|0|0|1|0|0|0
 bangalore | bangalore north (yelahanka)   | hegganahalli                      |33860| HOSALANAGER                           | 2014-08-18 | 2015-12-30 |17|11|12|8|2|1|1|2|2|1|1|1|1|1|1|0|0|0|1|1|1|1|2|2|0|0|2|0|1|1|0|0|1|2|0|0
 bangalore | bangalore north (yelahanka)   | hegganahalli                      |31039| HEGGANAHALLI 1                        | 2014-08-18 | 2015-12-30 |19|11|15|8|2|0|0|2|2|1|1|1|0|0|1|0|1|0|1|1|1|0|2|2|1|1|2|0|1|1|0|0|1|2|0|0
 bangalore | bangalore north (yelahanka)   | hegganahalli                      |31024| HEGGENAHALLI II                       | 2014-08-18 | 2015-12-30 |20|16|17|8|2|0|0|2|0|1|0|1|0|0|1|0|1|1|1|1|1|0|2|1|1|0|2|1|1|0|0|0|1|2|0|0
 bangalore | bangalore north (yelahanka)   | hegganahalli                      |33974| NAGAR BHAVI                           | 2014-08-18 | 2015-12-30 |11|18|8|18|2|1|0|2|2|1|1|1|1|1|1|0|0|1|1|1|1|1|2|2|0|0|1|0|1|1|0|0|1|0|0|0
 bangalore | bangalore north (yelahanka)   | laggere 4th circle                |30507| KAMAKSHIPALYA                         | 2014-08-18 | 2015-12-30 |11|12|7|6|2|1|1|0|2|1|1|1|1|1|1|0|0|1|1|1|1|1|2|2|1|1|1|0|1|0|0|0|1|2|0|0
 bangalore | bangalore north (yelahanka)   | laggere 4th circle                |33858| KAREKALU                              | 2014-08-18 | 2015-12-30 |8|7|6|4|1|1|0|2|2|0|1|1|1|0|1|0|0|1|1|1|1|1|2|0|0|0|1|0|1|1|0|0|1|0|0|0
 bangalore | bangalore north (yelahanka)   | laggere 4th circle                |30502| PEENYA                                | 2014-08-18 | 2015-12-30 |7|12|4|7|2|0|0|2|1|1|1|1|0|1|1|0|1|0|1|1|1|1|2|1|0|0|2|0|1|1|0|0|1|2|0|3
 bangalore | bangalore north (yelahanka)   | makali                            |30316| ANCHEPALYA 1                          | 2014-08-18 | 2015-12-30 |10|11|10|11|2|1|0|2|2|1|1|1|1|0|1|1|0|1|1|1|1|1|0|2|1|1|0|1|1|2|1|1|1|2|0|0
 bangalore | bangalore north (yelahanka)   | makali                            |30355| MAKALI                                | 2014-08-18 | 2015-12-30 |6|10|6|10|2|1|1|2|2|1|1|1|1|2|1|1|1|0|0|1|1|1|2|2|1|1|1|1|1|2|1|1|1|2|0|0
 bangalore | bangalore north (yelahanka)   | makali                            |30364| KUDUREGERE COLONY                     | 2014-08-18 | 2015-12-30 |13|4|13|4|2|0|1|2|2|1|1|1|1|0|1|0|1|1|1|1|1|1|2|2|1|1|1|1|1|2|1|1|1|2|0|0
 bangalore | bangalore north (yelahanka)   | makali                            |30352| DASANAPURA                            | 2014-08-18 | 2015-12-30 |17|13|14|12|2|1|1|2|2|0|1|1|1|0|1|0|1|1|1|1|1|1|0|2|0|1|1|1|1|2|0|0|1|2|0|0
 bangalore | bangalore north (yelahanka)   | makali                            |30361| KUDURE GERE                           | 2014-08-18 | 2015-12-30 |8|7|8|7|2|1|1|2|0|1|1|1|1|0|1|0|1|1|1|1|1|1|2|2|1|1|1|1|1|2|1|1|1|2|0|0
 bangalore | bangalore north (yelahanka)   | nandhini layout                   |36334| KAPILA NAGARA                         | 2014-08-18 | 2015-12-30 |13|16|9|11|1|0|0|0|0|1|1|1|0|0|1|0|1|0|1|1|1|0|2|2|1|1|0|0|1|1|0|0|1|2|0|0
 bangalore | bangalore north (yelahanka)   | nandhini layout                   |33972| JAI MARUTHI NAGARA 2                  | 2014-08-18 | 2015-12-30 |16|20|10|12|0|0|1|2|0|1|1|1|0|1|1|0|1|0|0|1|1|0|2|0|1|1|2|0|1|1|0|0|1|0|1|0
 bangalore | bangalore north (yelahanka)   | nandhini layout                   |33847| JARAKABANDE 2ND                       | 2014-08-18 | 2015-12-30 |8|19|5|8|2|0|0|1|2|1|1|1|0|0|1|0|1|1|1|1|1|1|2|2|1|1|2|0|1|1|0|0|1|2|0|0
 bangalore | bangalore north (yelahanka)   | nandhini layout                   |29656| JI MARTUTHYNAGAR 1                    | 2014-08-18 | 2015-12-30 |11|18|3|10|2|1|1|2|0|1|1|1|0|0|1|0|0|1|1|1|1|1|2|0|0|1|2|1|1|2|0|0|1|2|0|0
 bangalore | bangalore north (yelahanka)   | nandhini layout                   |30295| JAI BHUVANESHWARINAGARA 1             | 2014-08-18 | 2015-12-30 |15|12|5|7|2|0|1|2|2|1|1|1|0|0|1|0|1|1|1|1|1|1|2|0|0|0|2|0|1|2|0|0|1|0|0|0
 bangalore | bangalore north (yelahanka)   | nandhini layout                   |29610| JAIBHUVANESWARANAGAR 2                | 2014-08-18 | 2015-12-30 |20|15|12|11|2|0|1|2|2|1|1|1|0|0|1|0|1|1|1|1|1|0|2|0|0|0|2|0|1|2|0|0|1|0|0|0
 bangalore | bangalore north (yelahanka)   | nandhini layout                   |29617| SANJIAGANDHINAGAR 2                   | 2014-08-18 | 2015-12-30 |8|12|2|10|2|0|0|1|0|1|1|1|0|1|1|0|1|1|1|1|1|1|2|2|1|1|2|1|1|1|0|0|1|2|0|0
 bangalore | bangalore north (yelahanka)   | nandhini layout                   |30226| SANJAYAGANDHINAGARA 1                 | 2014-08-18 | 2015-12-30 |7|11|5|8|2|0|0|1|0|1|1|1|0|1|1|0|0|1|1|1|1|0|2|1|0|0|2|0|1|2|0|0|1|2|0|0
 bangalore | bangalore north (yelahanka)   | shankar nagar                     |37791| LAKSHMIDEVI NAGAR SLUM                | 2014-08-18 | 2015-12-30 |16|22|12|16|2|0|1|2|2|1|1|1|0|1|1|0|1|1|1|1|1|1|2|0|0|1|2|0|1|1|0|0|1|2|0|0
 bangalore | bangalore north (yelahanka)   | shankar nagar                     |30268| JARAKABANDE  1                        | 2014-08-18 | 2015-12-30 |12|18|12|15|2|1|1|2|2|1|1|1|0|1|1|0|1|1|1|1|1|1|2|1|1|0|1|0|1|2|0|0|1|2|0|0
 bangalore | bangalore north (yelahanka)   | shankar nagar                     |30481| GORUGUNTEPALYA                        | 2014-08-18 | 2015-12-30 |9|21|10|7|2|1|1|2|2|1|1|1|1|1|1|1|1|1|0|1|1|1|0|2|1|1|2|1|1|2|0|0|1|0|1|0
 bangalore | bangalore north (yelahanka)   | shankar nagar                     |30177| RAJGOPAL NAGAR                        | 2014-08-18 | 2015-12-30 |20|20|2|8|2|0|0|2|2|1|1|1|0|0|1|0|0|1|1|1|1|1|2|0|0|0|2|1|1|0|0|0|1|0|0|0
 bangalore | bangalore north (yelahanka)   | shankar nagar                     |36356| KASTHURI BADAVANE                     | 2014-08-18 | 2015-12-30 |17|10|4|5|0|0|0|2|2|1|1|1|0|0|1|0|0|1|1|1|1|1|2|0|0|0|2|1|1|0|0|0|1|0|0|0
 bangalore | bangalore south(banashankari) | begure                            |29538| GAREBHAVI PALYA                       | 2014-08-18 | 2015-12-30 |8|14|5|9|2|0|0|0|2|0|1|1|0|1|1|0|1|0|0|1|1|0|1|0|0|0|1|0|1|1|0|0|1|2|0|0
 bangalore | bangalore south(banashankari) | begure                            |29545| NIYANAPANAHALLI                       | 2014-08-18 | 2015-12-30 |5|12|5|10|2|0|0|0|2|1|1|1|0|1|1|0|1|1|1|1|1|1|1|2|1|1|1|0|1|1|0|0|1|2|0|1
 bangalore | bangalore south(banashankari) | begure                            |30218| DAVARACHIKKANAHALLI                   | 2014-08-18 | 2015-12-30 |15|20|14|18|2|1|1|0|2|1|1|1|0|1|1|0|1|0|0|1|1|1|1|0|1|0|1|0|1|2|0|0|1|2|0|0
 bangalore | bangalore south(banashankari) | begure                            |29543| SOMASUNDRA PALYA                      | 2014-08-18 | 2015-12-30 |13|15|9|10|2|1|1|0|2|1|1|1|0|2|1|0|1|1|1|1|1|1|2|2|1|0|1|1|1|2|0|0|1|2|0|0
 bangalore | bangalore south(banashankari) | begure                            |30220| IBBLURUE                              | 2014-08-18 | 2015-12-30 |10|9|8|9|2|1|0|1|2|1|1|1|0|1|1|0|1|1|1|1|1|1|1|2|1|1|1|0|1|1|0|0|1|2|0|0
 bangalore | bangalore south(banashankari) | jayanagar                         |36484| NAGASANDRA CIRCLE                     | 2014-08-18 | 2015-12-30 |11|10|3|9|2|0|0|2|0|1|1|1|0|1|1|0|1|1|1|1|1|1|1|2|1|1|0|0|1|2|1|0|1|2|0|0
 bangalore | bangalore south(banashankari) | jayanagar                         |31406| R K BLOCK                             | 2014-08-18 | 2015-12-30 |13|17|8|10|2|1|0|2|2|1|1|1|0|1|1|0|1|1|1|1|1|0|2|2|1|1|2|0|1|2|1|1|1|2|0|1
 bangalore | bangalore south(banashankari) | jayanagar                         |30701| MARENAHALLI 2                         | 2014-08-18 | 2015-12-30 |12|10|10|8|2|1|1|2|2|1|1|1|0|1|1|0|1|1|1|1|1|1|2|0|0|0|1|0|1|1|1|1|1|2|0|0
 bangalore | bangalore south(banashankari) | jayanagar                         |37780| J P NAGAR (SARAKKI)                   | 2014-08-18 | 2015-12-30 |12|27|10|12|2|1|1|1|2|1|1|1|0|1|1|0|1|0|0|1|1|1|2|0|0|0|2|0|1|2|0|0|1|1|0|0
 bangalore | bangalore south(banashankari) | jayanagar                         |30668| BHOVI COLONY 2                        | 2014-08-18 | 2015-12-30 |10|9|3|5|2|0|0|2|2|1|1|1|0|1|1|0|1|0|0|1|1|0|2|2|1|1|1|0|1|2|0|0|1|2|0|0
 bangalore | bangalore south(banashankari) | jayanagar                         |31428| MARIYAMMA DEVASTHANA                  | 2014-08-18 | 2015-12-30 |8|7|6|5|1|0|0|1|2|1|0|1|0|1|1|0|0|0|0|1|1|1|2|0|0|0|0|0|1|1|0|0|1|2|0|0
 bangalore | bangalore south(banashankari) | jayanagar                         |31402| BYRASANDRA 1                          | 2014-08-18 | 2015-12-30 |13|23|7|20|2|0|0|2|2|0|1|1|0|1|1|0|1|0|0|0|1|0|2|0|0|0|0|0|1|2|0|0|1|2|0|0
 bangalore | bangalore south(banashankari) | jayanagar                         |31416| RAGI GUDDA SLUM                       | 2014-08-18 | 2015-12-30 |14|15|8|3|0|0|0|1|2|1|0|1|0|1|1|0|1|1|1|1|1|0|2|0|0|0|0|0|1|2|1|1|1|2|0|1
 bangalore | bangalore south(banashankari) | k gollahalli                      |31158| ANCHEPALYA                            | 2014-08-18 | 2015-12-30 |20|20|18|14|2|1|0|2|2|1|1|1|0|1|1|0|1|1|1|1|1|1|2|2|1|1|1|0|1|2|0|0|1|2|0|0
 bangalore | bangalore south(banashankari) | k gollahalli                      |31144| KANAMINIKE COLONY                     | 2014-08-18 | 2015-12-30 |8|10|5|8|2|1|1|2|2|1|1|1|0|1|1|0|1|1|1|1|1|1|2|2|1|1|1|1|1|2|0|0|1|2|0|0
 bangalore | bangalore south(banashankari) | k gollahalli                      |30699| K GOLLAHALLI                          | 2014-08-18 | 2015-12-30 |8|10|7|8|2|1|1|2|2|1|1|1|0|1|1|0|1|0|0|1|1|1|2|2|1|1|2|0|1|1|0|0|1|2|0|0
 bangalore | bangalore south(banashankari) | k gollahalli                      |36396| AMBEDKAR NAGAR                        | 2014-08-18 | 2015-12-30 |18|20|15|15|0|0|1|0|2|1|1|1|0|1|1|0|1|1|1|1|1|1|2|2|1|1|0|0|1|2|0|0|1|2|0|0
 bangalore | bangalore south(banashankari) | k gollahalli                      |33808| DEVAGERE COLONY                       | 2014-08-18 | 2015-12-30 |10|12|6|9|2|1|1|2|2|1|1|1|0|1|1|0|1|1|1|1|1|1|2|2|1|1|2|0|1|2|0|0|1|2|0|0
 bangalore | bangalore south(banashankari) | k gollahalli                      |31154| KUMBALAGODU                           | 2014-08-18 | 2015-12-30 |10|13|7|8|2|1|0|2|2|1|1|1|0|1|1|0|1|1|1|1|1|1|2|2|1|1|2|1|1|2|0|0|1|2|0|0
 bangalore | bangalore south(banashankari) | k gollahalli                      |33635| KULLEGOWDANAPALYA                     | 2014-08-18 | 2015-12-30 |8|5|8|5|2|1|1|2|2|1|1|1|0|1|1|0|1|1|1|1|1|1|2|2|1|1|2|0|1|2|0|0|1|2|0|0
 bangalore | bangalore south(banashankari) | k gollahalli                      |31377| DEVAGERE                              | 2014-08-18 | 2015-12-30 |6|11|6|5|2|1|1|2|2|1|1|1|0|1|1|0|0|1|1|1|1|1|2|2|1|1|2|0|1|2|0|0|1|2|0|0
 bangalore | bangalore south(banashankari) | k gollahalli                      |30703| H.GOLLAHALLI                          | 2014-08-18 | 2015-12-30 |11|11|7|9|2|1|1|2|2|1|1|1|0|1|1|1|1|1|1|1|1|1|2|2|1|1|2|0|1|2|0|0|0|2|1|0
 bangalore | bangalore south(banashankari) | varthur                           |31365| KUNDALAHALLI                          | 2014-08-18 | 2015-12-30 |7|15|5|14|0|0|0|0|0|1|1|1|0|1|1|0|0|1|1|1|1|0|2|2|1|1|0|0|1|1|0|0|1|2|1|0
 bangalore | bangalore south(banashankari) | varthur                           |33788| HAGADOORU                             | 2014-08-18 | 2015-12-30 |11|14|10|12|2|1|1|2|2|1|1|1|0|2|1|0|1|1|1|1|1|0|2|2|1|1|2|0|1|2|0|0|1|2|1|0
 bangalore | bangalore south(banashankari) | varthur                           |33757| MUNNE KOLALA GRAMA                    | 2014-08-18 | 2015-12-30 |15|9|9|4|2|0|1|1|2|1|1|1|0|1|1|0|1|0|1|1|1|0|2|2|1|1|2|0|1|1|0|0|1|2|0|0
 bangalore | bangalore south(banashankari) | varthur                           |33749| IMMADIHALLI                           | 2014-08-18 | 2015-12-30 |10|13|9|10|2|0|0|0|2|0|1|0|0|1|1|0|1|0|1|1|1|0|2|2|1|1|2|0|1|2|0|0|1|2|0|0
 bangalore | bangalore south(banashankari) | varthur                           |30943| GANDHIPURA                            | 2014-08-18 | 2015-12-30 |13|15|11|10|2|1|1|2|2|1|1|1|0|2|1|0|1|1|1|1|1|0|2|2|1|1|2|1|1|2|0|0|1|2|0|0
 bangalore | bangalore state               | gavipura guttahalli               |31107| DHOBIGHAT 1                           | 2014-08-18 | 2015-12-30 |14|7|10|5|2|0|0|2|2|0|1|1|0|1|1|0|1|0|0|1|1|0|2|2|1|1|0|0|1|2|0|0|1|2|0|0
 bangalore | bangalore state               | gavipura guttahalli               |31078| KALIDAS NAGAR                         | 2014-08-18 | 2015-12-30 |8|7|5|5|2|1|0|0|0|1|1|1|0|2|1|0|1|1|1|1|1|1|2|2|1|1|0|0|1|2|0|0|1|2|0|0
 bangalore | bangalore state               | gavipura guttahalli               |30667| VINYAKNAGAR                           | 2014-08-18 | 2015-12-30 |9|9|9|8|2|0|1|2|2|1|1|1|0|1|1|0|1|0|0|1|1|0|1|2|1|1|0|0|0|2|0|0|1|2|0|0
 bangalore | bangalore state               | gavipura guttahalli               |30672| ITTAMADU 1                            | 2014-08-18 | 2015-12-30 |11|9|8|6|2|0|0|0|2|1|1|1|0|1|1|0|0|0|0|1|1|0|2|2|1|1|1|0|1|2|0|0|1|2|0|0
 bangalore | bangalore state               | gavipura guttahalli               |31066| HOSSAKERE HALLI                       | 2014-08-18 | 2015-12-30 |9|15|6|10|2|0|1|1|0|1|1|1|0|2|1|0|0|0|0|1|1|1|2|2|2|2|0|0|1|2|0|0|1|2|0|0
 bangalore | bangalore state               | gavipura guttahalli               |31084| DHOBI GHAT 2                          | 2014-08-18 | 2015-12-30 |12|5|8|3|2|0|0|2|2|1|1|1|0|1|1|0|1|0|0|1|1|0|2|2|1|1|0|0|1|2|0|0|1|2|1|0
 bangalore | bangalore state               | gavipura guttahalli               |36454| GIRI NAGARA 1st                       | 2014-08-18 | 2015-12-30 |11|15|10|12|2|1|1|2|2|1|1|1|1|1|1|0|0|0|1|1|1|1|2|2|1|1|2|0|1|2|0|0|1|2|0|0
 bangalore | bangalore state               | gavipura guttahalli               |36597| BHUVANESHWARI NAGARA                  | 2014-08-18 | 2015-12-30 |8|15|8|9|1|0|0|0|2|0|1|1|0|1|1|1|1|0|0|1|1|0|2|2|1|1|0|0|1|1|0|0|1|2|1|0
 bangalore | bangalore state               | gavipura guttahalli               |30674| GIRI NAGARA 2nd                       | 2014-08-18 | 2015-12-30 |14|16|9|9|2|1|1|2|2|1|1|1|1|1|1|0|0|0|1|1|1|1|2|2|1|1|2|0|1|2|0|0|1|2|1|0
 bangalore | bangalore state               | sri rampura                       |29635| N.P BLOCK 111                         | 2014-08-18 | 2015-12-30 |20|30|4|9|2|0|0|1|0|0|1|0|0|0|1|0|0|0|1|1|1|0|2|0|0|0|0|0|1|2|0|0|1|0|0|0
 bangalore | bangalore state               | sri rampura                       |29628| N.P BLOCK 2                           | 2014-08-18 | 2015-12-30 |12|13|7|5|2|0|0|2|2|0|0|1|0|0|1|0|1|0|1|1|1|0|2|0|0|1|0|0|1|1|0|0|0|2|0|0
 bangalore | bangalore state               | sri rampura                       |29616| BAPUJI BLOCK                          | 2014-08-18 | 2015-12-30 |16|21|2|5|2|0|0|1|0|0|0|1|0|0|1|1|0|0|0|1|1|0|2|0|0|0|2|0|1|0|0|0|1|0|0|1
 bangalore | bangalore state               | sri rampura                       |29657| MARIYAPPANAPALYA                      | 2014-08-18 | 2015-12-30 |10|14|5|10|2|1|0|2|2|1|1|1|1|1|1|0|0|1|1|1|1|1|2|2|0|1|2|1|1|1|0|0|1|2|0|0
 bangalore | bangalore state               | wilson garden                     |34109| DAYANANDA 2                           | 2014-08-18 | 2015-12-30 |10|8|8|8|2|0|0|2|2|1|1|1|0|1|1|0|0|1|1|1|1|0|1|0|0|0|1|0|1|1|0|0|1|2|0|0
 bangalore | bangalore state               | wilson garden                     |30632| HOMBEGOWDA SLUM                       | 2014-08-18 | 2015-12-30 |9|11|7|8|0|0|0|0|0|0|0|1|0|1|1|0|1|1|1|1|1|0|1|1|0|0|1|0|1|1|0|0|1|2|0|0
 bangalore | bangalore state               | wilson garden                     |34106| DAYANANDA 1                           | 2014-08-18 | 2015-12-30 |9|11|7|10|2|1|0|2|1|1|1|1|0|0|1|0|0|1|1|1|1|1|2|0|0|0|0|0|0|1|0|0|1|1|0|1
 bangalore | bangalore state               | wilson garden                     |31515| LALBAGH SIDDAPURA                     | 2014-08-18 | 2015-12-30 |14|17|11|14|2|0|0|0|2|1|1|1|0|1|1|0|1|0|0|1|1|0|1|0|0|0|1|0|1|1|0|0|1|2|0|0
 bangalore | bangalore state               | yashwanthpura                     |29696| SUBRAMANYA NAGAR                      | 2014-08-18 | 2015-12-30 |35|40|26|30|2|0|0|2|2|1|0|1|1|0|1|0|1|1|1|1|1|1|2|2|1|1|0|0|1|2|0|1|1|2|0|1
 bangalore | bangalore state               | yashwanthpura                     |37167| SUBEDARAPALYA 2                       | 2014-08-18 | 2015-12-30 |10|12|9|10|2|1|1|2|0|1|1|1|1|0|1|0|0|0|1|1|1|1|2|0|0|0|1|0|1|2|0|0|1|0|0|0
 bangalore | bangalore state               | yashwanthpura                     |36486| SHAREEF NAGARA                        | 2014-08-18 | 2015-12-30 |10|10|10|10|2|0|0|0|0|0|0|0|0|0|1|0|1|0|1|1|1|1|2|0|0|0|2|0|1|2|1|1|1|2|0|0
 bangalore | sumangali seva ashrama        | dodda banaswadi                   |34021| PERIYAR NAGAR-I                       | 2014-08-18 | 2015-12-30 |7|7|7|7|1|1|1|0|2|1|1|1|0|1|1|0|1|1|1|1|1|0|2|2|1|1|0|0|1|1|1|1|1|2|0|0
 bangalore | sumangali seva ashrama        | dodda banaswadi                   |29599| MRSPALYA 1                            | 2014-08-18 | 2015-12-30 |11|13|10|10|1|0|1|2|2|1|1|1|0|0|1|0|1|1|1|1|1|1|2|2|1|1|0|0|1|1|1|0|1|2|1|0
 bangalore | sumangali seva ashrama        | dodda banaswadi                   |30296| MUNESHWARA NAGARA                     | 2014-08-18 | 2015-12-30 |4|11|4|11|2|1|1|2|2|1|1|1|0|1|1|0|1|1|1|1|1|1|2|2|1|1|0|0|1|1|1|0|1|2|0|0
 bangalore | sumangali seva ashrama        | dodda banaswadi                   |30302| GANDHI GRAMA                          | 2014-08-18 | 2015-12-30 |8|9|8|9|0|1|1|2|2|1|1|1|0|1|1|0|1|1|1|1|1|1|1|2|1|1|0|0|1|1|1|0|1|2|0|0
 bangalore | sumangali seva ashrama        | dodda banaswadi                   |34038| K.G.HALLI                             | 2014-08-18 | 2015-12-30 |9|13|9|13|2|0|0|2|2|1|1|1|1|1|1|0|0|1|1|1|1|1|1|0|0|0|0|0|1|1|0|0|1|0|0|0
 bangalore | sumangali seva ashrama        | dodda banaswadi                   |30322| M.R.S.PALYA 2                         | 2014-08-18 | 2015-12-30 |6|16|6|12|1|0|1|2|2|1|1|1|0|0|1|0|1|1|1|1|1|1|2|2|1|1|0|0|1|1|1|0|1|2|0|0
 bangalore | sumangali seva ashrama        | dodda banaswadi                   |29619| KASTURI NAGAR                         | 2014-08-18 | 2015-12-30 |16|14|14|14|2|1|0|2|0|0|1|1|0|2|1|0|1|0|1|1|1|0|2|2|1|1|2|1|1|2|0|0|1|2|1|1
 bangalore | sumangali seva ashrama        | dodda banaswadi                   |30311| CHELEKERE                             | 2014-08-18 | 2015-12-30 |13|12|13|12|2|1|1|2|2|1|1|1|0|1|1|0|1|1|1|1|1|1|2|2|1|1|0|0|1|2|1|1|1|1|0|0
 bangalore | sumangali seva ashrama        | dodda banaswadi                   |30626| PERIYAR NAGAR II                      | 2014-08-18 | 2015-12-30 |8|6|8|6|1|1|1|0|2|1|1|1|0|1|1|0|1|1|1|1|1|0|2|2|1|1|0|0|1|1|1|1|1|2|0|0
 bangalore | sumangali seva ashrama        | dodda banaswadi                   |30765| LAKSHMANMURTHI NAGAR                  | 2014-08-18 | 2015-12-30 |14|9|10|5|2|0|0|2|2|1|1|1|0|0|1|0|1|1|1|1|1|1|2|2|1|1|0|0|1|1|1|1|1|2|0|0
 bangalore | sumangali seva ashrama        | dodda banaswadi                   |30310| C.S.I.                                | 2014-08-18 | 2015-12-30 |5|10|3|9|1|0|0|2|2|1|1|1|0|1|1|1|0|1|1|1|1|1|2|0|0|0|0|0|1|1|1|0|1|2|0|0
 bangalore | sumangali seva ashrama        | dodda banaswadi                   |30419| PILLA REDDY NAGARA                    | 2014-08-18 | 2015-12-30 |15|4|15|4|2|1|1|2|2|1|1|1|0|1|1|0|1|1|1|1|1|1|2|2|1|1|0|0|1|2|1|0|1|2|0|0
 bangalore | sumangali seva ashrama        | dodda banaswadi                   |29604| KARIYAN PALYA1                        | 2014-08-18 | 2015-12-30 |5|17|5|15|1|1|1|2|2|1|1|1|0|1|1|0|0|1|1|1|1|0|2|2|1|1|0|0|1|1|1|0|1|2|0|0
 bangalore | sumangali seva ashrama        | kodihalli                         |33458| DOMMALURU                             | 2014-08-18 | 2015-12-30 |12|19|8|12|2|1|0|2|2|0|1|1|0|1|1|0|1|0|1|1|1|0|2|2|1|1|1|0|1|2|0|0|1|1|0|0
 bangalore | sumangali seva ashrama        | kodihalli                         |30404| BENNIGANA HALLI                       | 2014-08-18 | 2015-12-30 |11|12|9|9|2|1|1|1|2|1|1|1|0|0|1|0|0|0|1|1|1|0|0|2|1|1|1|0|1|2|0|1|1|2|0|0
 bangalore | sumangali seva ashrama        | kodihalli                         |30670| NELLURPURAM 3                         | 2014-08-18 | 2015-12-30 |12|13|10|12|2|1|1|2|2|1|1|1|0|1|1|0|1|1|1|1|1|1|2|2|1|1|0|0|1|1|1|0|1|2|0|0
 bangalore | sumangali seva ashrama        | kodihalli                         |30664| KODIHALLI                             | 2014-08-18 | 2015-12-30 |12|19|11|19|2|1|1|2|2|1|1|1|2|1|1|0|1|0|1|1|1|1|2|2|1|1|2|0|1|2|0|1|1|2|0|0
 bangalore | sumangali seva ashrama        | kodihalli                         |34027| NELLURPURAM 1                         | 2014-08-18 | 2015-12-30 |6|19|4|16|2|1|1|0|2|1|1|1|0|1|1|0|1|1|1|1|1|1|2|2|1|1|1|0|1|1|1|0|1|2|0|0
 bangalore | sumangali seva ashrama        | kodihalli                         |31361| NANJAREDDI COLONY                     | 2014-08-18 | 2015-12-30 |13|14|10|13|2|1|1|2|2|1|1|1|2|0|1|0|1|1|1|1|1|0|2|2|1|1|2|0|1|2|0|0|1|2|0|0
 bangalore | sumangali seva ashrama        | kodihalli                         |36444| KODIHALLI -2                          | 2014-08-18 | 2015-12-30 |9|16|6|6|2|0|0|0|2|0|1|0|0|0|1|0|1|0|1|1|1|0|2|2|1|1|0|0|1|2|0|0|1|2|0|0
 bangalore | sumangali seva ashrama        | koramangala                       |36317| ANEPALYA                              | 2014-08-18 | 2015-12-30 |6|16|4|11|0|1|0|0|2|0|1|1|0|0|1|0|0|0|1|1|1|0|2|0|0|1|1|0|1|2|0|0|1|0|0|0
 bangalore | sumangali seva ashrama        | koramangala                       |36318| LALABAG SIDDAPURA2                    | 2014-08-18 | 2015-12-30 |18|10|15|8|2|0|0|0|2|0|0|1|0|1|1|0|1|0|0|0|1|0|1|1|0|0|1|0|1|1|0|0|1|2|0|0
 bangalore | sumangali seva ashrama        | koramangala                       |31059| RAJENDRA NAGAR 1                      | 2014-08-18 | 2015-12-30 |8|8|8|8|1|0|0|0|2|0|0|0|0|0|0|0|0|0|1|1|1|0|2|0|0|0|0|0|1|2|0|0|1|0|0|0
 bangalore | sumangali seva ashrama        | koramangala                       |30629| KORMANGALA                            | 2014-08-18 | 2015-12-30 |9|10|8|6|2|1|1|0|2|1|1|1|0|0|1|0|1|0|1|1|1|0|2|2|1|1|1|0|1|0|0|0|1|0|0|0
 bangalore | sumangali seva ashrama        | koramangala                       |31119| CARD MANI 1                           | 2014-08-18 | 2015-12-30 |5|5|3|1|2|1|1|2|2|1|1|1|0|1|1|0|0|0|1|1|1|1|2|2|1|1|2|0|1|0|0|0|1|2|0|0
 bangalore | sumangali seva ashrama        | koramangala                       |33460| JAYA RAJNAGARA                        | 2014-08-18 | 2015-12-30 |9|9|11|7|0|1|1|0|0|1|1|1|0|0|1|0|0|0|1|1|1|0|0|0|0|0|1|1|1|2|0|1|1|1|0|0
 bangalore | sumangali seva ashrama        | koramangala                       |30593| SHASTRI NAGAR                         | 2014-08-18 | 2015-12-30 |9|9|9|9|0|1|0|2|2|0|1|1|0|2|1|0|1|0|1|1|1|0|2|0|0|1|2|0|1|0|0|0|1|0|0|0
 bangalore | sumangali seva ashrama        | koramangala                       |30639| L.R NAGAR 2                           | 2014-08-18 | 2015-12-30 |10|12|6|8|1|0|0|0|1|0|0|1|0|0|1|0|0|0|0|1|1|0|2|2|1|1|0|0|1|0|0|0|1|1|0|0
 bangalore | sumangali seva ashrama        | koramangala                       |36573| SONNENA HALLI  1(KORAMANAGAL VILLAGE) | 2014-08-18 | 2015-12-30 |12|14|6|9|2|1|1|2|2|1|1|1|0|0|1|0|0|0|1|1|1|0|2|0|0|1|1|0|1|0|0|0|1|0|0|0
 bangalore | sumangali seva ashrama        | koramangala                       |35484| P.K.R NAGAR                           | 2014-08-18 | 2015-12-30 |19|12|8|9|2|1|1|0|0|1|1|1|0|0|1|0|0|1|1|1|1|0|2|2|1|1|2|1|1|0|0|0|1|1|0|0
 bangalore | sumangali seva ashrama        | murphy town                       |30995| GUDADHAHALLI-2                        | 2014-08-18 | 2015-12-30 |12|15|11|13|1|1|1|2|2|1|1|1|1|0|1|0|1|0|1|1|1|1|2|2|1|1|2|0|1|1|0|0|1|2|0|0
 bangalore | sumangali seva ashrama        | murphy town                       |36558| WAHAB GARDEN                          | 2014-08-18 | 2015-12-30 |10|5|7|4|1|1|1|2|2|1|1|1|0|1|1|0|1|1|1|1|1|0|2|0|0|0|0|0|1|1|0|0|1|0|0|0
 bangalore | sumangali seva ashrama        | murphy town                       |31290| SUBRAMANYANAGAR                       | 2014-08-18 | 2015-12-30 |8|9|7|8|1|0|0|2|1|1|1|1|1|0|1|0|1|1|1|1|1|1|2|2|0|1|1|0|1|2|1|1|1|1|0|0
 bangalore | sumangali seva ashrama        | murphy town                       |30990| VAIYALIKAVAL                          | 2014-08-18 | 2015-12-30 |10|9|10|9|2|1|0|2|2|1|1|1|1|2|1|0|1|1|1|1|1|1|2|2|0|1|0|0|1|2|0|0|1|2|0|0
 bangalore | sumangali seva ashrama        | murphy town                       |33728| SATHYAMNAGAR                          | 2014-08-18 | 2015-12-30 |9|8|8|7|2|1|1|1|2|1|1|1|0|0|1|0|0|1|1|1|1|1|2|0|0|0|1|0|1|1|0|0|1|1|1|1
 bangalore | sumangali seva ashrama        | murphy town                       |30991| GUDADHAHALLI-1                        | 2014-08-18 | 2015-12-30 |7|11|3|7|1|1|1|2|0|1|1|1|1|0|1|0|1|0|1|1|1|1|2|2|1|1|2|0|1|0|0|0|1|2|0|0
 bangalore | sumangali seva ashrama        | subhramani nagara                 |37779| milk colony                           | 2014-08-18 | 2015-12-30 |8|12|7|10|2|1|0|2|2|1|1|1|1|1|0|1|1|1|1|1|1|1|2|2|1|1|0|0|1|2|0|0|1|2|0|0
 bangalore | sumangali seva ashrama        | sultanpalya                       |36593| GANDHI NAGAR  II                      | 2014-08-18 | 2015-12-30 |14|13|14|13|2|0|0|2|2|1|1|1|0|1|1|0|1|1|1|1|1|0|1|0|0|0|0|0|1|1|0|0|1|1|0|0
 bangalore | sumangali seva ashrama        | sultanpalya                       |30292| KUNTHIGRAMA                           | 2014-08-18 | 2015-12-30 |39|33|35|30|0|1|0|0|0|1|0|1|1|0|1|0|1|1|1|1|1|1|2|2|1|1|2|0|1|2|0|1|1|2|0|0
 bangalore | sumangali seva ashrama        | sultanpalya                       |30366| MANORAYANPALYA                        | 2014-08-18 | 2015-12-30 |13|8|12|8|0|1|0|2|2|1|1|1|1|0|1|0|0|0|1|1|1|0|2|2|1|1|0|0|1|2|1|1|1|2|0|1
 bangalore | sumangali seva ashrama        | sultanpalya                       |30318| MUNARREDYPALY                         | 2014-08-18 | 2015-12-30 |13|9|13|9|2|1|1|0|2|1|1|1|0|1|1|0|0|0|1|1|1|0|2|0|0|0|1|0|1|1|0|0|1|1|0|0
 bangalore | sumangali seva ashrama        | sultanpalya                       |29605| VENKATESHPURA                         | 2014-08-18 | 2015-12-30 |11|15|10|12|2|0|0|0|2|1|1|1|0|1|1|0|1|1|1|1|1|0|2|0|0|0|0|0|1|1|0|0|1|1|0|0
 dharwad   | Hubli-Dharwad urban           | Ananda Nagara (heggeri)           |37784| Ananda Nagara - 2                     | 2014-08-18 | 2015-12-30 |27|20|20|18|2|1|0|0|2|1|1|0|0|0|1|0|0|1|1|0|1|1|2|1|1|0|1|0|1|1|0|0|1|1|0|0
 dharwad   | Hubli-Dharwad urban           | Ananda Nagara (heggeri)           |37787| Tharihala - 3                         | 2014-08-18 | 2015-12-30 |15|28|12|25|2|0|0|2|2|1|1|1|0|0|1|0|0|1|1|1|1|1|2|0|0|0|1|0|1|1|0|0|1|1|0|0
 dharwad   | Hubli-Dharwad urban           | Ananda Nagara (heggeri)           |37781| Krishna Colony                        | 2014-08-18 | 2015-12-30 |28|40|24|26|0|1|1|0|2|1|0|1|0|0|1|0|0|1|0|0|1|0|2|0|0|0|0|0|1|1|0|0|1|1|0|0
 dharwad   | Hubli-Dharwad urban           | Ananda Nagara (heggeri)           |37785| Tharihala - 1                         | 2014-08-18 | 2015-12-30 |18|20|15|15|2|1|1|1|2|1|1|1|0|0|1|0|0|1|1|1|1|1|2|0|0|0|1|0|1|1|0|0|1|1|0|1
 dharwad   | Hubli-Dharwad urban           | Ananda Nagara (heggeri)           |37788| Gokul - 1                             | 2014-08-18 | 2015-12-30 |10|28|10|26|0|0|0|0|2|1|0|0|0|1|1|0|0|0|0|1|1|1|2|0|0|0|1|1|1|1|0|0|1|1|0|0
 dharwad   | Hubli-Dharwad urban           | Ananda Nagara (heggeri)           |37793| Ananda Nagara 7th cross               | 2014-08-18 | 2015-12-30 |20|20|15|15|1|1|0|0|2|1|1|1|0|1|1|0|0|1|1|1|1|1|2|2|0|1|0|0|1|1|0|0|1|1|0|0
 dharwad   | Hubli-Dharwad urban           | Ananda Nagara (heggeri)           |37782| H.H.S Hospital                        | 2014-08-18 | 2015-12-30 |24|29|10|20|0|1|1|0|2|1|0|1|0|0|1|0|0|1|0|0|1|0|2|0|0|0|2|0|1|1|0|0|1|1|0|0
 dharwad   | Hubli-Dharwad urban           | Ananda Nagara (heggeri)           |37792| Ananda Nagara                         | 2014-08-18 | 2015-12-30 |20|25|13|25|1|1|0|0|2|1|1|1|0|1|1|0|1|0|0|1|1|1|2|2|0|1|0|0|1|1|0|0|1|1|0|0
 dharwad   | Hubli-Dharwad urban           | Ananda Nagara (heggeri)           |37790| Gokul - 3                             | 2014-08-18 | 2015-12-30 |10|21|8|18|2|0|0|0|2|0|1|1|0|0|0|0|0|0|0|1|1|1|2|0|0|0|0|0|1|1|0|0|1|1|0|0
 dharwad   | Hubli-Dharwad urban           | Ananda Nagara (heggeri)           |37783| Ananda Nagara - 4                     | 2014-08-18 | 2015-12-30 |27|18|15|10|2|1|1|0|2|1|0|1|0|0|1|0|0|0|0|1|1|0|0|0|0|0|2|0|1|1|0|0|1|1|0|0
 dharwad   | Hubli-Dharwad urban           | Ananda Nagara (heggeri)           |37789| Nanda Gokul - 2                       | 2014-08-18 | 2015-12-30 |11|20|8|19|0|0|1|0|2|1|1|1|0|0|1|0|0|0|0|1|1|1|2|0|0|0|0|0|1|1|0|0|1|1|0|0
 dharwad   | Hubli-Dharwad urban           | Ananda Nagara (heggeri)           |37786| Tharihala - 2                         | 2014-08-18 | 2015-12-30 |15|20|12|18|2|1|0|0|2|1|1|0|0|0|0|0|0|1|1|1|1|1|2|0|0|0|1|1|1|1|0|0|1|1|0|0
 dharwad   | Hubli-Dharwad urban           | HDMC                              |36635| Baraimam galli -2                     | 2014-08-18 | 2015-12-30 |24|27|11|12|1|0|0|0|2|1|1|1|0|2|1|0|1|1|1|1|1|1|2|2|1|1|0|0|1|1|0|0|1|2|0|0
 dharwad   | Hubli-Dharwad urban           | HDMC                              |36616| Doragalli-2                           | 2014-08-18 | 2015-12-30 |19|21|9|7|0|1|0|0|1|1|1|1|0|1|1|0|1|0|0|1|1|1|1|1|1|1|1|1|1|1|0|0|1|0|0|0
 dharwad   | Hubli-Dharwad urban           | HDMC                              |36605| Hebbali agasi-2                       | 2014-08-18 | 2015-12-30 |16|12|8|7|1|1|0|0|1|1|1|1|1|2|1|0|1|1|1|1|1|1|1|2|1|1|1|0|1|1|0|0|1|1|0|0
 dharwad   | Hubli-Dharwad urban           | HDMC                              |36604| Hebbali agasi-1                       | 2014-08-18 | 2015-12-30 |14|18|14|16|0|1|0|0|2|1|1|1|0|2|1|0|1|1|1|1|1|1|2|2|1|1|0|0|1|1|0|0|1|2|0|0
 dharwad   | Hubli-Dharwad urban           | HDMC                              |36644| Bisti galli                           | 2014-08-18 | 2015-12-30 |22|23|9|10|1|0|0|2|2|0|1|1|0|2|1|1|1|0|0|1|1|0|2|2|1|1|0|0|1|1|1|0|1|2|0|0
 dharwad   | Hubli-Dharwad urban           | HDMC                              |36637| Rasul Pur -2                          | 2014-08-18 | 2015-12-30 |18|22|15|18|1|0|0|0|2|1|1|1|0|2|1|0|1|0|0|1|1|1|2|2|1|1|0|0|1|1|0|0|1|2|0|1
 dharwad   | Hubli-Dharwad urban           | HDMC                              |36612| Ghanesh nagar                         | 2014-08-18 | 2015-12-30 |11|12|11|10|2|1|0|0|1|1|1|1|0|2|1|0|1|0|0|1|1|1|2|2|1|1|0|0|1|1|0|0|1|2|0|0
 dharwad   | Hubli-Dharwad urban           | HDMC                              |36619| Siddharode colony                     | 2014-08-18 | 2015-12-30 |16|23|14|10|1|0|0|1|1|1|1|1|1|1|1|0|1|1|1|1|1|1|1|1|1|1|0|0|1|1|0|0|1|2|0|0
 dharwad   | Hubli-Dharwad urban           | HDMC                              |36615| Madihal-1                             | 2014-08-18 | 2015-12-30 |20|12|12|5|2|1|1|1|1|1|1|1|0|2|1|0|1|0|0|1|1|1|1|1|1|1|1|0|1|1|0|0|1|2|0|0
 dharwad   | Hubli-Dharwad urban           | HDMC                              |36610| Marata colony                         | 2014-08-18 | 2015-12-30 |19|16|8|9|1|0|0|2|2|1|1|1|0|2|1|0|1|1|1|1|1|1|2|2|1|1|0|0|1|1|0|0|0|2|0|0
 dharwad   | Hubli-Dharwad urban           | HDMC                              |36300| Gollar colony-1                       | 2014-08-18 | 2015-12-30 |15|19|10|11|1|1|0|1|1|1|1|1|1|1|1|1|1|1|1|1|1|1|1|1|1|1|0|0|1|1|0|0|1|2|0|0
 dharwad   | Hubli-Dharwad urban           | HDMC                              |36613| Gollar colony-2                       | 2014-08-18 | 2015-12-30 |13|20|9|17|0|0|0|0|1|1|0|1|1|2|1|1|1|0|1|1|1|1|1|1|1|1|0|0|1|1|0|0|1|2|1|0
 dharwad   | Hubli-Dharwad urban           | HDMC                              |36620| Baraimam galli -1(Balajimath )        | 2014-08-18 | 2015-12-30 |16|17|10|10|0|1|0|0|1|1|0|1|1|2|1|0|1|1|1|1|1|1|1|2|1|1|1|0|1|1|0|0|1|2|0|0
 dharwad   | Hubli-Dharwad urban           | HDMC                              |36618| Kerikelagin Oni                       | 2014-08-18 | 2015-12-30 |13|17|6|14|1|1|0|0|2|1|1|1|0|2|1|0|1|0|0|1|1|1|2|2|1|1|0|0|1|1|0|0|0|2|1|0
 dharwad   | Hubli-Dharwad urban           | HDMC                              |36607| Doragalli-1                           | 2014-08-18 | 2015-12-30 |20|21|12|15|1|0|1|0|2|1|1|1|0|2|1|0|1|1|1|1|1|1|2|2|1|1|0|0|1|1|0|0|1|2|0|0
 dharwad   | Hubli-Dharwad urban           | HDMC                              |36638| Bhusgalli                             | 2014-08-18 | 2015-12-30 |11|14|4|10|1|1|0|0|2|1|1|0|0|2|1|0|1|0|0|1|1|1|2|2|1|1|2|0|1|1|0|0|1|2|0|0
 dharwad   | Hubli-Dharwad urban           | HDMC                              |36636| Rasul Pur -1                          | 2014-08-18 | 2015-12-30 |9|15|7|12|1|0|0|0|2|1|0|0|0|2|1|0|1|0|0|1|1|1|2|2|1|1|0|0|1|0|0|0|1|2|0|0
 dharwad   | Hubli-Dharwad urban           | HDMC                              |36611| Kameli                                | 2014-08-18 | 2015-12-30 |16|22|7|21|2|0|1|0|1|1|1|1|1|2|1|1|1|0|0|1|1|1|1|2|1|1|2|1|1|2|0|0|1|2|0|0
 dharwad   | Hubli-Dharwad urban           | HDMC                              |36646| Dandin Oni                            | 2014-08-18 | 2015-12-30 |11|19|6|14|1|0|0|0|2|0|0|0|0|2|0|0|1|0|0|1|1|1|2|2|1|1|0|0|1|1|0|0|1|2|0|0
 dharwad   | Hubli-Dharwad urban           | HDMC                              |36617| K.B.nagar                             | 2014-08-18 | 2015-12-30 |8|15|6|14|0|1|1|0|2|1|1|1|0|2|1|0|1|1|1|1|1|1|2|2|1|1|2|0|1|1|0|0|1|2|0|0
 dharwad   | Hubli-Dharwad urban           | HFWTC                             |36514| Nekar Colony                          | 2014-08-18 | 2015-12-30 |18|22|17|18|2|1|1|0|2|1|1|1|0|2|1|0|1|0|0|1|0|1|2|2|1|1|1|0|1|1|1|0|1|2|0|1
 dharwad   | Hubli-Dharwad urban           | HFWTC                             |36506| Siddeshwar ashray colony              | 2014-08-18 | 2015-12-30 |28|30|15|15|1|0|0|0|2|1|0|1|0|2|0|0|0|1|1|0|0|0|2|2|1|1|0|0|1|2|1|0|1|2|0|0
 dharwad   | Hubli-Dharwad urban           | HFWTC                             |36530| Lidkar Colony                         | 2014-08-18 | 2015-12-30 |14|15|9|10|1|0|1|2|2|1|0|1|0|2|1|0|1|1|1|1|1|1|2|2|1|1|0|0|1|2|1|0|1|2|0|0
 dharwad   | Hubli-Dharwad urban           | HFWTC                             |36497| Om nagar                              | 2014-08-18 | 2015-12-30 |10|15|8|12|0|0|0|0|2|0|0|0|0|2|0|0|1|1|0|0|1|0|2|2|1|1|0|0|0|1|0|0|1|2|0|0
 dharwad   | Hubli-Dharwad urban           | HFWTC                             |36523| Bapuji nagar                          | 2014-08-18 | 2015-12-30 |15|20|13|17|0|0|1|0|2|1|1|1|0|2|1|0|1|0|0|1|1|1|2|2|1|1|1|0|1|1|1|0|1|2|0|0
 dharwad   | Hubli-Dharwad urban           | HFWTC                             |36509| Hanumant Nagar                        | 2014-08-18 | 2015-12-30 |20|25|18|21|1|0|0|0|2|1|0|1|0|2|1|0|1|0|0|0|1|0|2|2|1|1|0|0|1|0|1|0|1|2|0|0
 dharwad   | Hubli-Dharwad urban           | HFWTC                             |36526| chamundeshwari nagar                  | 2014-08-18 | 2015-12-30 |18|16|10|8|2|1|0|0|2|1|1|1|0|2|1|0|1|0|0|1|1|1|2|2|1|1|2|0|1|1|1|0|1|2|1|0
 dharwad   | Hubli-Dharwad urban           | HFWTC                             |36533| Yavagal plot                          | 2014-08-18 | 2015-12-30 |12|10|5|8|1|0|0|0|2|1|1|1|0|2|1|0|1|1|1|0|1|1|2|2|0|1|0|0|1|1|1|0|1|2|0|0
 dharwad   | Hubli-Dharwad urban           | HFWTC                             |36502| Ramligeshwar nagar -2                 | 2014-08-18 | 2015-12-30 |18|17|16|14|2|1|0|2|2|1|1|1|0|2|1|0|1|1|1|1|1|0|2|2|1|1|2|0|1|1|1|0|1|2|0|0
 dharwad   | Hubli-Dharwad urban           | HFWTC                             |36520| Giranichal-3                          | 2014-08-18 | 2015-12-30 |15|10|12|10|1|1|0|0|2|1|1|1|0|2|1|0|1|0|0|1|1|0|2|2|1|1|0|0|1|1|1|0|1|2|0|0
 dharwad   | Hubli-Dharwad urban           | HFWTC                             |36632| Ramligeshwar nagar -5                 | 2014-08-18 | 2015-12-30 |17|18|6|9|1|0|0|0|2|1|1|1|0|2|1|0|1|0|0|0|0|0|2|2|1|1|0|0|1|1|0|0|1|2|0|0
 dharwad   | Hubli-Dharwad urban           | HFWTC                             |36521| Ramligeshwar nagar -4                 | 2014-08-18 | 2015-12-30 |24|19|16|12|1|1|0|0|2|1|1|1|0|2|1|0|1|0|0|0|1|0|2|2|1|1|0|0|1|1|0|0|1|2|0|0
 dharwad   | Hubli-Dharwad urban           | HFWTC                             |36528| Shiradi nagar                         | 2014-08-18 | 2015-12-30 |15|20|12|15|1|1|0|2|2|0|0|0|0|2|0|0|1|0|0|1|1|0|2|2|1|1|0|0|1|1|1|0|1|2|0|0
 dharwad   | Hubli-Dharwad urban           | HFWTC                             |36301| Siddarameshwarnagar                   | 2014-08-18 | 2015-12-30 |14|22|12|20|0|1|1|0|2|1|1|0|0|2|1|0|1|0|0|1|1|1|2|2|1|1|0|0|1|1|1|0|1|2|0|0
 dharwad   | Hubli-Dharwad urban           | HFWTC                             |36531| Gurugovindnagar                       | 2014-08-18 | 2015-12-30 |20|15|16|15|0|0|1|0|2|1|0|1|0|2|1|0|1|0|0|1|1|1|2|2|1|1|0|0|1|1|1|0|1|2|0|0
 dharwad   | Hubli-Dharwad urban           | HFWTC                             |36631| Gavi oni                              | 2014-08-18 | 2015-12-30 |10|15|9|11|0|1|0|0|2|1|1|1|0|2|1|0|1|1|1|0|1|1|2|2|1|1|0|1|1|2|1|0|0|2|0|0
 dharwad   | Hubli-Dharwad urban           | HFWTC                             |36489| Ramligeshwar nagar -3                 | 2014-08-18 | 2015-12-30 |20|18|15|15|2|0|1|0|2|1|1|1|0|2|1|0|1|0|0|1|1|0|2|2|1|1|1|0|1|1|0|0|1|2|0|0
 dharwad   | Hubli-Dharwad urban           | HFWTC                             |36522| Hosur                                 | 2014-08-18 | 2015-12-30 |24|15|15|10|0|1|0|0|2|0|1|1|0|2|1|0|0|0|0|1|1|0|2|2|1|1|0|0|1|1|1|0|1|2|1|0
 dharwad   | Hubli-Dharwad urban           | HFWTC                             |36524| Giranichal-2                          | 2014-08-18 | 2015-12-30 |13|13|8|6|0|1|1|2|2|1|1|1|0|2|1|0|1|0|0|0|0|1|2|2|1|1|0|0|1|2|1|0|1|2|0|0
 dharwad   | Hubli-Dharwad urban           | HFWTC                             |36503| Ramligeshwar nagar -1                 | 2014-08-18 | 2015-12-30 |14|26|10|15|2|0|0|0|2|1|1|1|0|2|1|0|1|0|0|0|1|0|2|2|1|1|0|0|1|1|0|0|1|2|0|0
 dharwad   | Hubli-Dharwad urban           | IRCS                              |37777| Laxmisingankeri-3                     | 2014-08-18 | 2015-12-30 |16|17|10|8|0|1|0|0|2|0|0|1|0|0|1|0|0|1|0|1|1|0|2|0|0|0|0|0|1|1|0|0|1|1|0|0
 dharwad   | Hubli-Dharwad urban           | IRCS                              |37778| Nagarakar Coloni                      | 2014-08-18 | 2015-12-30 |17|12|7|7|1|0|0|0|1|0|1|0|0|1|1|0|0|0|1|1|1|1|2|0|0|0|0|0|1|1|0|0|1|1|0|0
 dharwad   | Hubli-Dharwad urban           | IRCS                              |36654| Laxmisingankeri-1                     | 2014-08-18 | 2015-12-30 |21|19|8|12|1|0|0|0|2|1|1|1|0|0|1|0|0|1|0|1|1|0|2|0|0|0|0|0|1|1|1|0|1|1|0|0
 dharwad   | Hubli-Dharwad urban           | IRCS                              |36677| Laxmisingankeri-4                     | 2014-08-18 | 2015-12-30 |19|16|15|15|0|1|0|0|2|0|0|1|0|0|1|0|0|1|1|1|1|0|2|0|0|0|0|0|1|1|0|0|1|1|0|0
 dharwad   | Hubli-Dharwad urban           | IRCS                              |36696| Laxmisingankeri-2                     | 2014-08-18 | 2015-12-30 |17|23|11|10|2|1|1|0|2|1|0|1|0|0|1|0|0|1|1|1|1|1|2|0|0|0|2|1|1|1|0|0|1|1|0|0
 dharwad   | Hubli-Dharwad urban           | Madarmaddi                        |36346| Jannatnagar-3                         | 2014-08-18 | 2015-12-30 |18|15|9|14|1|1|0|2|2|1|1|1|0|2|1|0|1|1|1|1|1|1|2|2|1|1|0|0|1|1|0|0|1|2|0|0
 dharwad   | Hubli-Dharwad urban           | Madarmaddi                        |36314| Kolikeri                              | 2014-08-18 | 2015-12-30 |13|10|13|10|1|1|1|2|2|1|1|1|0|2|1|0|1|1|1|1|1|1|2|2|1|1|1|0|1|1|0|0|1|2|0|0
 dharwad   | Hubli-Dharwad urban           | Madarmaddi                        |36338| Madarmaddi-2                          | 2014-08-18 | 2015-12-30 |15|25|6|14|1|0|0|0|2|1|1|1|0|0|1|0|0|1|1|1|1|0|2|2|1|1|0|0|1|1|0|0|0|2|0|0
 dharwad   | Hubli-Dharwad urban           | Madarmaddi                        |36372| Kumbar Oni                            | 2014-08-18 | 2015-12-30 |18|19|8|10|0|1|1|2|2|1|1|1|0|2|1|1|1|0|1|1|1|0|2|2|1|1|2|0|1|1|0|0|1|2|1|0
 dharwad   | Hubli-Dharwad urban           | Madarmaddi                        |36311| Valmikikshetra-2                      | 2014-08-18 | 2015-12-30 |20|16|10|11|0|0|0|0|2|1|1|1|0|2|1|0|0|0|1|1|1|0|2|2|1|1|1|0|1|1|0|0|0|2|0|0
 dharwad   | Hubli-Dharwad urban           | Madarmaddi                        |36360| Jannatnagar-4                         | 2014-08-18 | 2015-12-30 |21|22|10|17|1|1|0|0|2|2|1|1|1|0|2|1|1|1|1|1|1|1|2|2|1|1|0|0|1|1|0|0|1|2|0|0
 dharwad   | Hubli-Dharwad urban           | Madarmaddi                        |36308| Hosayallapur                          | 2014-08-18 | 2015-12-30 |18|23|8|12|0|0|1|0|2|1|1|1|0|2|1|0|1|1|1|1|1|0|2|2|1|1|0|0|1|1|0|0|1|2|0|0
 dharwad   | Hubli-Dharwad urban           | Madarmaddi                        |36381| Chapparband Colony-3                  | 2014-08-18 | 2015-12-30 |20|24|10|16|1|1|1|2|2|0|0|1|0|2|1|0|0|1|1|1|1|1|1|2|1|1|0|0|1|1|0|0|1|2|0|0
 dharwad   | Hubli-Dharwad urban           | Madarmaddi                        |36307| Jannatnagar-1                         | 2014-08-18 | 2015-12-30 |14|20|6|18|1|1|0|2|2|1|1|1|0|2|1|0|1|1|1|1|1|1|2|2|1|1|1|0|1|1|0|0|1|2|1|0
 dharwad   | Hubli-Dharwad urban           | Madarmaddi                        |36648| Ambedkar Nagar                        | 2014-08-18 | 2015-12-30 |14|18|8|12|1|1|1|0|2|1|1|1|0|2|1|0|1|1|1|1|1|0|1|2|1|1|1|0|1|1|0|0|1|2|0|1
 dharwad   | Hubli-Dharwad urban           | Madarmaddi                        |36306| Jannatnagar-2                         | 2014-08-18 | 2015-12-30 |20|20|5|15|2|1|0|1|2|1|0|1|0|2|1|1|1|1|1|1|1|0|1|2|1|1|1|0|1|1|0|0|1|2|0|0
 dharwad   | Hubli-Dharwad urban           | Madarmaddi                        |36350| Nandikol Oni                          | 2014-08-18 | 2015-12-30 |15|17|14|10|1|1|0|0|2|1|1|1|0|2|1|0|1|0|1|1|1|0|2|2|1|1|1|0|1|1|0|0|0|2|1|0
 dharwad   | Hubli-Dharwad urban           | Madarmaddi                        |36339| Dundi Oni                             | 2014-08-18 | 2015-12-30 |12|19|10|8|1|0|0|2|2|0|1|1|0|2|1|0|1|1|1|1|1|1|2|2|1|1|0|0|1|1|0|0|1|2|0|0
 dharwad   | Hubli-Dharwad urban           | Madarmaddi                        |36340| Valmikikshetra-1                      | 2014-08-18 | 2015-12-30 |14|16|13|19|2|1|1|0|2|1|1|0|0|2|1|0|1|1|1|1|1|0|2|2|1|1|1|0|1|1|0|0|1|2|0|0
 dharwad   | Hubli-Dharwad urban           | Madarmaddi                        |36336| Kurabar Oni                           | 2014-08-18 | 2015-12-30 |30|25|15|10|2|1|0|0|2|1|1|1|0|2|1|0|1|1|1|1|1|0|2|2|1|1|0|0|1|1|0|0|1|2|0|0
 dharwad   | Hubli-Dharwad urban           | Madarmaddi                        |36328| Rahanatpur                            | 2014-08-18 | 2015-12-30 |16|24|10|19|0|1|1|2|2|1|1|1|0|2|1|0|0|0|1|1|1|0|2|2|1|1|2|0|1|1|0|0|1|2|0|0
 dharwad   | Hubli-Dharwad urban           | Madarmaddi                        |36305| Ullagaddi Oni                         | 2014-08-18 | 2015-12-30 |21|20|10|11|0|1|1|0|0|0|1|1|0|2|1|0|1|1|1|1|1|0|2|2|1|1|1|0|1|1|0|0|0|2|0|0
 dharwad   | Hubli-Dharwad urban           | Madarmaddi                        |36377| Kalli Oni-1                           | 2014-08-18 | 2015-12-30 |19|16|12|6|1|1|0|2|2|1|1|1|0|2|1|0|1|1|1|1|1|1|2|2|1|1|0|0|1|1|0|0|0|2|0|0
 dharwad   | Hubli-Dharwad urban           | Madarmaddi                        |36316| Ganachari Oni                         | 2014-08-18 | 2015-12-30 |12|11|8|12|1|1|1|0|2|0|0|1|0|2|1|0|1|0|1|1|1|0|2|2|1|1|1|0|1|1|0|0|1|2|0|0
 dharwad   | Hubli-Dharwad urban           | Purohit Nagar                     |36543| Tejaswinagar                          | 2014-08-18 | 2015-12-30 |8|18|7|9|1|1|0|0|1|1|1|1|1|2|1|0|0|0|0|1|1|1|1|2|1|1|0|0|1|1|0|0|1|2|0|1
 dharwad   | Hubli-Dharwad urban           | Purohit Nagar                     |36539| Rayapur -1                            | 2014-08-18 | 2015-12-30 |20|15|12|8|0|1|0|0|2|1|1|1|0|2|1|0|1|0|1|1|1|0|2|2|1|1|1|0|1|1|0|0|1|2|0|0
 dharwad   | Hubli-Dharwad urban           | Purohit Nagar                     |36465| Navalur-1                             | 2014-08-18 | 2015-12-30 |15|25|15|20|2|1|0|0|2|1|1|1|0|2|1|0|1|0|1|1|1|1|2|2|1|1|1|0|1|1|0|0|1|2|0|0
 dharwad   | Hubli-Dharwad urban           | Purohit Nagar                     |36467| Navalur Chavani                       | 2014-08-18 | 2015-12-30 |14|25|10|13|1|1|0|0|2|1|1|1|0|2|1|0|1|1|1|1|1|0|2|2|1|1|0|0|1|1|0|0|1|2|0|2
 dharwad   | Hubli-Dharwad urban           | Purohit Nagar                     |36480| Hattikolla-1                          | 2014-08-18 | 2015-12-30 |9|17|5|13|2|0|1|0|1|1|1|1|0|1|1|0|1|0|0|1|1|1|1|1|1|1|0|0|1|1|0|0|1|2|0|0
 dharwad   | Hubli-Dharwad urban           | Purohit Nagar                     |36482| Hattikolla-2                          | 2014-08-18 | 2015-12-30 |11|15|8|11|2|1|1|0|1|1|1|1|1|1|1|0|1|0|0|1|1|1|1|2|1|1|1|1|1|2|0|0|1|2|0|0
 dharwad   | Hubli-Dharwad urban           | Purohit Nagar                     |36540| Rayapur -2                            | 2014-08-18 | 2015-12-30 |22|18|8|10|0|1|0|0|2|0|0|1|0|2|1|0|1|1|1|1|1|0|2|2|1|1|2|0|1|1|0|0|1|2|0|0
 dharwad   | Hubli-Dharwad urban           | Purohit Nagar                     |36545| Kakkaynagar                           | 2014-08-18 | 2015-12-30 |13|12|7|5|1|1|0|0|2|1|1|1|1|2|1|0|1|0|0|1|1|1|2|2|2|1|0|0|1|2|0|0|1|2|0|0
 dharwad   | Hubli-Dharwad urban           | Purohit Nagar                     |36463| Navalur-4                             | 2014-08-18 | 2015-12-30 |9|19|9|15|0|1|0|0|2|1|1|1|0|2|1|0|1|0|1|1|1|0|2|2|1|1|0|0|1|1|0|0|1|2|0|0
 dharwad   | Hubli-Dharwad urban           | Purohit Nagar                     |36468| Navalur-2                             | 2014-08-18 | 2015-12-30 |17|23|9|15|0|0|1|0|2|1|1|1|0|2|1|0|1|0|1|1|1|0|2|2|1|1|0|0|1|1|0|0|1|2|0|0
 dharwad   | Hubli-Dharwad urban           | Purohit Nagar                     |36474| Danunagar-2                           | 2014-08-18 | 2015-12-30 |8|20|6|6|1|0|0|2|2|1|1|1|1|2|1|0|1|1|1|1|1|1|2|2|1|1|0|0|1|1|0|0|1|2|0|0
 kolar     | Mallur                        | Doddashivara 1                    |37141| SHIVARPATNA                           | 2014-08-18 | 2015-12-30 |8|12|8|9|2|1|1|0|0|0|0|1|0|2|1|0|1|0|0|1|1|1|2|2|1|1|1|0|1|1|0|0|1|2|0|0
 kolar     | Mallur                        | Doddashivara 1                    |37118| AGRAHARA                              | 2014-08-18 | 2015-12-30 |12|3|8|1|2|1|1|0|1|1|1|1|0|1|1|0|1|1|0|1|1|0|2|2|1|1|2|0|1|1|0|0|1|2|0|0
 kolar     | Mallur                        | Doddashivara 1                    |37127| DODDA KODATHURU 1st                   | 2014-08-18 | 2015-12-30 |9|6|9|5|2|1|0|2|2|0|0|1|0|2|1|0|1|0|0|1|1|0|2|2|1|1|0|0|1|2|0|0|1|2|1|0
 kolar     | Mallur                        | Doddashivara 1                    |37152| CHIKKASIVARA                          | 2014-08-18 | 2015-12-30 |4|10|2|8|0|0|0|0|1|1|0|1|0|2|1|0|1|1|1|1|1|0|2|2|1|1|0|1|1|1|0|0|1|2|0|0
 kolar     | Mallur                        | Doddashivara 1                    |37153| DODDAKODATHURU 2nd                    | 2014-08-18 | 2015-12-30 |2|5|2|5|2|1|1|0|2|1|1|1|0|2|1|0|1|0|0|1|1|0|2|2|1|1|1|0|1|1|0|0|0|2|0|0
 kolar     | Mallur                        | Doddashivara 1                    |37148| HUNGENAHALLI 2ND                      | 2014-08-18 | 2015-12-30 |8|6|6|4|2|1|0|2|2|0|1|1|0|2|1|0|1|1|1|1|1|1|2|2|1|1|2|1|1|2|0|0|1|2|0|0
 kolar     | Mallur                        | Doddashivara 1                    |37147| AGRAHARA HOSAHALLI                    | 2014-08-18 | 2015-12-30 |6|6|6|6|1|0|0|1|2|1|1|1|0|1|0|0|1|0|0|1|1|1|2|2|1|0|0|0|1|1|0|0|0|2|0|0
 kolar     | Mallur                        | Doddashivara 1                    |37104| Hungenahalli 1                        | 2014-08-18 | 2015-12-30 |6|8|4|8|2|1|0|2|2|1|1|1|0|2|1|0|1|1|1|1|1|1|2|2|1|1|2|1|1|1|0|0|1|2|0|0
 kolar     | Mallur                        | Doddashivara 1                    |37113| JAKKASANDRA                           | 2014-08-18 | 2015-12-30 |3|4|3|3|1|0|0|0|1|1|1|1|0|2|1|0|1|0|1|1|1|0|2|2|1|1|0|0|1|1|0|0|1|2|0|0
 kolar     | Mallur                        | Doddashivara 1                    |37150| CHIKKAKADATURU                        | 2014-08-18 | 2015-12-30 |7|7|5|5|2|1|0|2|2|1|1|1|0|1|1|0|1|1|1|1|1|0|2|2|1|1|2|1|1|1|0|0|1|2|0|0
 kolar     | Mallur                        | Doddashivara 1                    |37122| DODDAKADATHURU 3                      | 2014-08-18 | 2015-12-30 |3|15|3|14|1|0|0|0|2|0|0|1|0|2|1|0|1|0|0|1|1|0|2|2|1|1|0|0|1|1|0|0|1|2|0|0
 kolar     | Mallur                        | Doddashivara 1                    |37116| VADEGANAHALLI                         | 2014-08-18 | 2015-12-30 |5|7|5|6|2|1|1|2|2|1|0|1|0|2|1|0|1|1|1|1|1|1|2|2|1|1|2|0|1|2|0|0|0|2|0|0
 kolar     | Mallur                        | Doddashivara 1                    |37131| NAMBIGANAHALLI                        | 2014-08-18 | 2015-12-30 |7|4|6|4|2|0|0|1|1|1|1|1|0|1|1|0|1|1|1|1|1|1|2|2|1|1|0|0|1|1|0|0|1|2|0|0
 kolar     | Mallur                        | Doddashivara 1                    |37117| DODDA SHIVARA                         | 2014-08-18 | 2015-12-30 |8|7|6|6|2|1|0|1|0|0|0|1|0|1|0|0|0|0|1|1|1|0|2|2|1|1|0|0|1|1|0|0|0|2|0|0
 kolar     | Mallur                        | Doddashivara 1                    |37151| KANUVINAHALLI 1ST                     | 2014-08-18 | 2015-12-30 |6|10|5|8|2|1|0|0|2|0|0|0|0|2|1|0|1|0|1|1|1|0|2|2|1|1|2|1|1|1|0|0|1|2|0|0
 kolar     | Mallur                        | Doddashivara 1                    |37124| CHAVENAHALLI                          | 2014-08-18 | 2015-12-30 |7|7|7|7|2|0|0|2|2|0|1|1|0|2|1|0|1|0|0|1|1|0|2|2|1|1|2|1|1|1|0|0|1|2|0|0
 kolar     | Mallur                        | Doddashivara 1                    |37119| BHAVANAHALLI                          | 2014-08-18 | 2015-12-30 |7|17|6|15|2|1|0|1|2|0|0|1|0|1|1|0|0|1|1|1|1|0|2|2|1|1|1|0|1|1|0|0|1|2|0|0
 kolar     | Mallur                        | Doddashivara 2                    |37135| GERAPURA                              | 2014-08-18 | 2015-12-30 |4|10|4|9|2|1|0|1|2|1|1|1|0|2|1|0|1|1|1|1|1|1|2|2|1|1|2|1|1|1|0|0|1|2|0|0
 kolar     | Mallur                        | Doddashivara 2                    |37111| BELLAVI                               | 2014-08-18 | 2015-12-30 |4|4|3|4|2|1|1|1|1|1|1|1|0|1|1|0|1|1|1|1|1|1|2|2|1|1|1|1|1|1|0|0|0|2|0|0
 kolar     | Mallur                        | Doddashivara 2                    |37108| Chokkondahalli                        | 2014-08-18 | 2015-12-30 |10|6|9|6|2|1|0|1|2|0|1|1|0|2|1|0|1|1|0|1|1|1|2|2|1|1|2|0|1|1|0|0|0|2|0|0
 kolar     | Mallur                        | Doddashivara 2                    |37137| BYRNAHALLI                            | 2014-08-18 | 2015-12-30 |2|15|2|12|2|1|1|0|1|1|1|1|0|2|1|0|1|1|1|1|1|1|2|2|1|1|1|0|1|1|0|0|1|2|0|0
 kolar     | Mallur                        | Doddashivara 2                    |37126| MADIVALA                              | 2014-08-18 | 2015-12-30 |4|16|4|10|2|1|1|2|2|1|1|1|0|2|1|1|1|0|0|1|1|1|1|2|1|1|1|0|1|1|0|0|1|2|0|1
 kolar     | Mallur                        | Doddashivara 2                    |37144| THORNAHALLI 2nd                       | 2014-08-18 | 2015-12-30 |7|9|6|6|2|1|0|0|1|0|0|1|0|1|1|0|1|1|1|1|1|0|2|2|1|1|2|0|1|1|0|0|0|2|0|0
 kolar     | Mallur                        | Doddashivara 2                    |37155| HANUMANAYAKANAHALLI                   | 2014-08-18 | 2015-12-30 |5|6|5|5|1|0|0|0|2|1|1|1|1|2|1|0|1|0|0|1|1|1|2|2|1|1|0|0|1|2|0|0|1|2|0|0
 kolar     | Mallur                        | Doddashivara 2                    |37130| ERABANAHALLI                          | 2014-08-18 | 2015-12-30 |3|11|2|8|2|1|1|2|2|1|1|1|0|2|1|0|1|1|1|1|1|0|2|2|1|1|2|0|1|1|0|0|0|2|0|0
 kolar     | Mallur                        | Doddashivara 2                    |37120| THORNAHALLI 1st                       | 2014-08-18 | 2015-12-30 |10|7|8|6|0|0|0|0|0|0|0|0|0|1|0|0|1|0|0|1|1|0|2|2|1|1|1|0|1|1|0|0|1|2|0|0
 kolar     | Mallur                        | Doddashivara 2                    |37121| ABBENAHALLI                           | 2014-08-18 | 2015-12-30 |10|7|9|6|2|1|1|2|2|1|1|1|0|2|1|0|1|1|1|1|1|1|2|2|1|1|2|1|1|2|0|0|1|2|0|0
 kolar     | Mallur                        | Doddashivara 2                    |37128| HEDAGINA BELA                         | 2014-08-18 | 2015-12-30 |4|11|2|10|0|1|0|0|0|1|1|0|0|2|1|1|1|1|1|1|1|1|2|2|1|1|1|0|1|1|0|0|1|2|0|0
 kolar     | Mallur                        | Huladenahalli                     |37132| CHANNAKAL                             | 2014-08-18 | 2015-12-30 |7|7|7|5|2|1|0|0|2|1|0|1|0|1|1|0|1|1|0|1|1|0|2|2|1|1|1|0|1|1|0|0|1|2|0|0
 kolar     | Mallur                        | Huladenahalli                     |37129| KODURRU                               | 2014-08-18 | 2015-12-30 |8|6|8|6|2|0|0|0|0|0|0|0|0|2|1|0|1|1|0|1|1|0|2|2|1|1|0|0|1|1|1|1|0|2|0|0
 kolar     | Mallur                        | Huladenahalli                     |37140| GUDDAHALLI                            | 2014-08-18 | 2015-12-30 |9|6|10|6|2|1|0|1|1|0|0|1|0|1|1|0|1|1|1|1|1|1|2|2|1|1|2|1|1|1|0|0|0|2|0|0
 kolar     | Mallur                        | Kasaba                            |37109| Ambedkar colony                       | 2014-08-18 | 2015-12-30 |8|13|6|11|2|1|0|1|1|0|1|1|0|2|1|0|1|1|1|1|1|1|2|2|1|1|2|1|1|2|0|0|0|2|0|0
 kolar     | Mallur                        | Lakkuru                           |37105| Kadadenahalli                         | 2014-08-18 | 2015-12-30 |7|10|7|9|2|0|0|2|2|0|1|1|0|2|1|0|1|1|1|1|1|0|2|2|1|1|1|1|1|1|0|0|0|2|0|0
 kolar     | Mallur                        | Masthi                            |37106| Kudiyanur 1                           | 2014-08-18 | 2015-12-30 |12|7|10|6|2|1|0|1|0|0|0|1|0|1|1|1|0|1|1|1|1|1|2|2|1|1|0|1|1|1|0|0|1|2|0|0
 kolar     | Mallur                        | Tekal 2                           |37139| NAKKANAHALLI                          | 2014-08-18 | 2015-12-30 |9|5|8|4|2|0|0|0|2|0|0|0|1|2|1|0|1|0|0|1|1|0|2|2|1|1|2|1|1|1|0|0|1|2|0|1
 kolar     | Mallur                        | Tekal 2                           |37154| BYRATHNAHALLI                         | 2014-08-18 | 2015-12-30 |6|9|4|8|2|1|0|0|1|1|1|1|0|2|1|0|1|1|1|1|1|1|2|2|1|1|2|1|1|1|0|0|0|2|0|0
 kolar     | Mallur                        | Tekal 2                           |37112| NIDRAMANGALA                          | 2014-08-18 | 2015-12-30 |8|4|7|3|2|0|1|2|1|1|1|1|0|2|1|0|1|1|1|1|1|1|2|2|1|1|2|1|1|1|0|0|1|2|0|0
 kolar     | Mallur                        | Tekal 2                           |37110| Bhuvanahalli                          | 2014-08-18 | 2015-12-30 |8|9|6|9|0|1|1|2|2|1|1|1|1|0|1|1|1|1|1|1|1|1|2|2|1|1|2|1|1|2|0|0|1|2|0|0
 kolar     | Mallur                        | Tekal 2                           |37149| SONNAHALLI                            | 2014-08-18 | 2015-12-30 |6|5|5|5|2|1|0|2|2|0|0|1|0|2|1|0|1|0|0|1|1|0|2|2|1|1|0|0|1|2|0|0|1|2|0|0
 kolar     | Mallur                        | Tekal 2                           |37125| KARANGUTTE                            | 2014-08-18 | 2015-12-30 |9|6|8|5|0|0|0|0|2|1|1|0|1|2|0|0|1|0|0|1|1|0|2|2|1|1|2|0|1|1|1|1|1|2|0|0
